{
    "_note": "notebook (secom.ipynb) 基线指标，来源 secom_results/secom_模型结果_20260610_172752.json。重构后的 py 流程需在容差(0.01)内复现这些值。",
    "逻辑回归": {
        "训练集BER": 0.19933580475749152,
        "测试集BER": 0.35242970908499915,
        "准确率": 0.7547770700636943,
        "精确率": 0.14102564102564102,
        "召回率": 0.5238095238095238,
        "F1分数": 0.2222222222222222,
        "AUC": 0.7880708597432147
    },
    "随机森林": {
        "训练集BER": 0.0,
        "测试集BER": 0.5,
        "准确率": 0.9331210191082803,
        "精确率": 0.0,
        "召回率": 0.0,
        "F1分数": 0.0,
        "AUC": 0.7963594994311718
    },
    "岭分类器": {
        "训练集BER": 0.1975852126454536,
        "测试集BER": 0.33715260848366646,
        "准确率": 0.7420382165605095,
        "精确率": 0.14285714285714285,
        "召回率": 0.5714285714285714,
        "F1分数": 0.2285714285714286,
        "AUC": 0.7542662116040955
    }
}
