{
    "_note": "基线 v2：有种子流水线（MI random_state=42）于 2026-07-13 在 NLP 环境产出；v1 为 notebook 历史运行",
    "逻辑回归": {
        "训练集BER": 0.24227679950571518,
        "测试集BER": 0.2640175524134568,
        "准确率": 0.7547770700636943,
        "精确率": 0.1744186046511628,
        "召回率": 0.7142857142857143,
        "F1分数": 0.28037383177570097,
        "AUC": 0.7984722899398667
    },
    "随机森林": {
        "训练集BER": 0.0,
        "测试集BER": 0.47619047619047616,
        "准确率": 0.9363057324840764,
        "精确率": 1.0,
        "召回率": 0.047619047619047616,
        "F1分数": 0.0909090909090909,
        "AUC": 0.8103364212579229
    },
    "岭分类器": {
        "训练集BER": 0.2835495829471733,
        "测试集BER": 0.2571916138469039,
        "准确率": 0.767515923566879,
        "精确率": 0.18292682926829268,
        "召回率": 0.7142857142857143,
        "F1分数": 0.2912621359223301,
        "AUC": 0.8104989436047456
    }
}
