{
  "model": "岭分类器",
  "shap_method": "linear",
  "output_space": "decision margin",
  "random_seed": 42,
  "background_size": 100,
  "n_samples_explained": 314,
  "features": {
    "F311": {
      "mean_abs_shap": 0.2036895324870165,
      "std_abs_shap": 0.1471041208810831,
      "rank": 1
    },
    "F065": {
      "mean_abs_shap": 0.18517724638215674,
      "std_abs_shap": 0.17827930948348086,
      "rank": 2
    },
    "F060": {
      "mean_abs_shap": 0.16441180252783505,
      "std_abs_shap": 0.14457679278882643,
      "rank": 3
    },
    "F130": {
      "mean_abs_shap": 0.1445097781827361,
      "std_abs_shap": 0.1182396245923448,
      "rank": 4
    },
    "F176": {
      "mean_abs_shap": 0.11938013570537141,
      "std_abs_shap": 0.08912617827598135,
      "rank": 5
    },
    "F349": {
      "mean_abs_shap": 0.09334742776269403,
      "std_abs_shap": 0.1423274517260862,
      "rank": 6
    },
    "F211": {
      "mean_abs_shap": 0.0888788543585737,
      "std_abs_shap": 0.14383020337048966,
      "rank": 7
    },
    "F125": {
      "mean_abs_shap": 0.08719286741042442,
      "std_abs_shap": 0.06539062044022723,
      "rank": 8
    },
    "F066": {
      "mean_abs_shap": 0.08309077867588661,
      "std_abs_shap": 0.10106408920129999,
      "rank": 9
    },
    "F022": {
      "mean_abs_shap": 0.07719097425437038,
      "std_abs_shap": 0.07778517956917422,
      "rank": 10
    },
    "F015": {
      "mean_abs_shap": 0.07205596959760407,
      "std_abs_shap": 0.05188642003607739,
      "rank": 11
    },
    "F184": {
      "mean_abs_shap": 0.06959304684682355,
      "std_abs_shap": 0.043835512965174045,
      "rank": 12
    },
    "F132": {
      "mean_abs_shap": 0.0570477843480585,
      "std_abs_shap": 0.06575190324433874,
      "rank": 13
    },
    "F059": {
      "mean_abs_shap": 0.05129539444274141,
      "std_abs_shap": 0.03698427586714112,
      "rank": 14
    },
    "F057": {
      "mean_abs_shap": 0.05083628834991587,
      "std_abs_shap": 0.05200088066992922,
      "rank": 15
    },
    "F131": {
      "mean_abs_shap": 0.050486705733960614,
      "std_abs_shap": 0.0337102679693274,
      "rank": 16
    },
    "F181": {
      "mean_abs_shap": 0.04665631963145096,
      "std_abs_shap": 0.03672466785858861,
      "rank": 17
    },
    "F446": {
      "mean_abs_shap": 0.046644197826750465,
      "std_abs_shap": 0.03615009257206706,
      "rank": 18
    },
    "F412": {
      "mean_abs_shap": 0.042210875112235015,
      "std_abs_shap": 0.04406189945105897,
      "rank": 19
    },
    "F407": {
      "mean_abs_shap": 0.04148676378936844,
      "std_abs_shap": 0.028273596934283433,
      "rank": 20
    },
    "F029": {
      "mean_abs_shap": 0.03453719717917312,
      "std_abs_shap": 0.024655822639118214,
      "rank": 21
    },
    "F126": {
      "mean_abs_shap": 0.034126520334213865,
      "std_abs_shap": 0.025044739163231966,
      "rank": 22
    },
    "F041": {
      "mean_abs_shap": 0.03384573704279185,
      "std_abs_shap": 0.03165373211101831,
      "rank": 23
    },
    "F127": {
      "mean_abs_shap": 0.031470349567974835,
      "std_abs_shap": 0.02919669532411502,
      "rank": 24
    },
    "F156": {
      "mean_abs_shap": 0.030407515700086128,
      "std_abs_shap": 0.06691076754725667,
      "rank": 25
    },
    "F511": {
      "mean_abs_shap": 0.026804861019137614,
      "std_abs_shap": 0.02931727767128182,
      "rank": 26
    },
    "F248": {
      "mean_abs_shap": 0.02652459299152475,
      "std_abs_shap": 0.05015048950811474,
      "rank": 27
    },
    "F134": {
      "mean_abs_shap": 0.026403857806304457,
      "std_abs_shap": 0.019660980019705846,
      "rank": 28
    },
    "F103": {
      "mean_abs_shap": 0.025883039002313937,
      "std_abs_shap": 0.02625483674294769,
      "rank": 29
    },
    "F478": {
      "mean_abs_shap": 0.025394665035702604,
      "std_abs_shap": 0.03308679107235825,
      "rank": 30
    },
    "F071": {
      "mean_abs_shap": 0.025221196224274156,
      "std_abs_shap": 0.020562784437674023,
      "rank": 31
    },
    "F520": {
      "mean_abs_shap": 0.024482795980803697,
      "std_abs_shap": 0.047549573650883976,
      "rank": 32
    },
    "F455": {
      "mean_abs_shap": 0.023529011385981232,
      "std_abs_shap": 0.01549748912149571,
      "rank": 33
    },
    "F027": {
      "mean_abs_shap": 0.022910274035155113,
      "std_abs_shap": 0.03812480143163619,
      "rank": 34
    },
    "F128": {
      "mean_abs_shap": 0.016786791600598393,
      "std_abs_shap": 0.01382638522423309,
      "rank": 35
    },
    "F206": {
      "mean_abs_shap": 0.00950119959534757,
      "std_abs_shap": 0.016398076198773474,
      "rank": 36
    },
    "F033": {
      "mean_abs_shap": 0.006854827895026434,
      "std_abs_shap": 0.013453355204399041,
      "rank": 37
    },
    "F020": {
      "mean_abs_shap": 0.006721075278322576,
      "std_abs_shap": 0.014576043359032335,
      "rank": 38
    },
    "F034": {
      "mean_abs_shap": 0.00489003597608354,
      "std_abs_shap": 0.010474881219991454,
      "rank": 39
    },
    "F123": {
      "mean_abs_shap": 0.0021758959032537966,
      "std_abs_shap": 0.0016582182599182563,
      "rank": 40
    }
  }
}